Reddit username,Comment Keywords,Submission Keywords,Upvoted Keywords,Subreddits commented in,knife,knives,people,stones,good,stone,thing,time,blade,make,motors,sharpening,motor,steel,edge pro,things,work,edge,rocket,find,,yea yea yea,nay yea yea,yea yea nay,yea nay yea,yea yea,yea nay nay,nay nay yea,nay yea nay,nay nay nay,nay yea,yea nay,yea,nay nay,yea yea bill,yoren yea yea,yea yea washington,nay,yea yea aye,yea nay senate,tuesday yea yea,cubs fuck,fuck the cubs,yadi,fuck,cubs,fuck yea fuck,win win win,game,win,win win,year,baseball,years,tho,cubs fans,cubs fan,yall,play,makes,trump,made,make people,movie,make people support,real,make people hate,trump supporters,pretty,end,long,lol,shit,chicago,mexican,players,games,bad,player,mexico,lol andrew miller,mexican food,good mexican food,good half lol,point,miller,england,wales,team,boks,world cup,french rugby team,french team,france,world,ireland,rwc,rugby,abs,french,white people,women,interesting,men,writing,true,weight,man,problem,feel,agree,show,guy,read,reddit,political,media,trump banned epstein,iran,trump lies,donald trump,trump campaign,evidence,vote,rules,japanese people,comment,money,japan,back,japanese,talking,fucking,source,missile,basically,soviet union,soviet,system,missiles,russian,lot,russians,ballistic missile,threat,systems,soviets,yeah,part,jojo fighting game,fighting game,gonna,literally,jojo,characters,n’t,’re,dude,lmao,das,mate,n’t understand,wing,dude alright dude,n’t care,bernie,dont,bernie supporters,republicans,people dont game,pats,warren,democrats,people dont,bernie sanders
FullFrontalNoodly,"knife,knives,people,stones,good,stone,thing,time,blade,make,motors,sharpening,motor,steel,edge pro,things,work,edge,rocket,find,","knife,pipe,bowl,tobacco,peter stokkebye,pipe tobacco,edge,time,smoke,pipe tobacco trades,thing,smoking,pipe smoking,knives,edit,order,people,good,pipes,tobaccos,",,"Ganzo_Knives,PSoC,rocketry,SlipjointKnives,SWFL,nextfuckinglevel,knifeclub,AutoDetailing,BudgetBlades,chineseknives,formula1,benchmade,arm,knifetesting,knives,victorinox,stm32f4,MusicElectronics,KnifeDeals,embedded,modelrocketry,linux_devices,",0,0,0,0,0,0,0,0,0,0,0,0,0,0,0,0,0,0,0,0,0,0,0,0,0,0,0,0,0,0,0,0,0,0,0,0,0,0,0,0,0,0,0,0,0,0,0,0,0,0,0,0,0,0,0,0,0,0,0,0,0,0,0,0,0,0,0,0,0,0,0,0,0,0,0,0,0,0,0,0,0,0,0,0,0,0,0,0,0,0,0,0,0,0,0,0,0,0,0,0,0,0,0,0,0,0,0,0,0,0,0,0,0,0,0,0,0,0,0,0,0,0,0,0,0,0,0,0,0,0,0,0,0,0,0,0,0,0,0,0,0,0,0,0,0,0,0,0,0,0,0,0,0,0,0,0,0,0,0,0,0,0,0,0,0,0,0,0,0,0,0,0,0,0,0
Ranger_Aragorn,"yea yea yea,nay yea yea,yea yea nay,yea nay yea,yea yea,yea nay nay,nay nay yea,nay yea nay,nay nay nay,nay yea,yea nay,yea,nay nay,yea yea bill,yoren yea yea,yea yea washington,nay,yea yea aye,yea nay senate,tuesday yea yea,","turkmen state forces,confederated state congress,united canadian provinces,pacific congress,turkmen state,united states,state congress,state,turkmen state army,united canadian command,state council,event,canadian home republic,pacific states,diplomacy,canadian congress,united canadian,state forces,state committee,article,","event,diplomacy,conflict,secret,claim,yoren rising,expansion,tech,meta,dutch john county,economic,polis,the great escape,google images,puffle murders diplomacy,john county,mormon john county,people,emergency economic reform,marshall islands,mormon john,","asoiaf,ModelUSHouse,badhistory,politics,tuesday,ModelUSHouseELECom,VoteBlue,ModelUSMeta,canada,badeconomics,AskReddit,neoconNWO,bestoflegaladvice,SevenKingdoms,ModelUSGov,ModelEasternChamber,ModelEasternState,centerleftpolitics,ModelUSHouseBudgetCom,TheCapitolClub,ModelUSElections,gameofthrones,nashville,",0,0,0,0,0,0,0,0,0,0,0,0,0,0,0,0,0,0,0,0,0,0,0,0,0,0,0,0,0,0,0,0,0,0,0,0,0,0,0,0,0,0,0,0,0,0,0,0,0,0,0,0,0,0,0,0,0,0,0,0,0,0,0,0,0,0,0,0,0,0,0,0,0,0,0,0,0,0,0,0,0,0,0,0,0,0,0,0,0,0,0,0,0,0,0,0,0,0,0,0,0,0,0,0,0,0,0,0,0,0,0,0,0,0,0,0,0,0,0,0,0,0,0,0,0,0,0,0,0,0,0,0,0,0,0,0,0,0,0,0,0,0,0,0,0,0,0,0,0,0,0,0,0,0,0,0,0,0,0,0,0,0,0,0,0,0,0,0,0,0,0,0,0,0,0
reallifebadass,"cubs fuck,fuck the cubs,yadi,fuck,cubs,fuck yea fuck,win win win,game,win,win win,good,people,year,baseball,years,tho,cubs fans,cubs fan,yall,play,","post game thread,game thread,arkansas razorbacks,arkansas razorback fan,razorbacks game thread,post game,arkansas,game,game day thread,arkansas razorbacks game,thread,arkansas post game,game post game,series game thread,razorbacks,pregame thread,razorbacks post game,post series thread,arkansas lsu game,oscar taveras oscar,",,"Cardinals,gunpolitics,stlouisblues,technology,Firefighting,Patriots,Braves,army,nfl,politics,CFB,KansasCityChiefs,ProtectAndServe,CountryMusicStuff,pics,razorbacks,Arkansas,cigars,baseball,news,",0,0,0,0,0,0,0,0,0,0,0,0,0,0,0,0,0,0,0,0,0,0,0,0,0,0,0,0,0,0,0,0,0,0,0,0,0,0,0,0,0,0,0,0,0,0,0,0,0,0,0,0,0,0,0,0,0,0,0,0,0,0,0,0,0,0,0,0,0,0,0,0,0,0,0,0,0,0,0,0,0,0,0,0,0,0,0,0,0,0,0,0,0,0,0,0,0,0,0,0,0,0,0,0,0,0,0,0,0,0,0,0,0,0,0,0,0,0,0,0,0,0,0,0,0,0,0,0,0,0,0,0,0,0,0,0,0,0,0,0,0,0,0,0,0,0,0,0,0,0,0,0,0,0,0,0,0,0,0,0,0,0,0,0,0,0,0,0,0,0,0,0,0,0,0
sameth1,"make,people,good,thing,makes,game,time,trump,made,make people,movie,make people support,real,make people hate,years,trump supporters,things,pretty,end,long,","irl anime irl,anime irl anime,anime irl,irl anime,irl,anime,war,anime irl morocco,anime irl inuit,persia anime irl,timurids anime irl,anime irl sweden,rip in peace,anime irl mughals,france anime irl,declared war,leader profile,napoleon anime irl,anime irl death,anime irl beanie,",,"NotTimAndEric,ATBGE,civ,smashbros,toronto,mountandblade,news,TopMindsOfReddit,shittyfoodporn,technology,hmmm,zelda,eu4,worldnews,nintendo,politics,ShittyLifeProTips,ontario,videos,CrappyDesign,Gamingcirclejerk,talesfromtechsupport,MapPorn,vexillologycirclejerk,youtubehaiku,Shitty_Car_Mods,AskReddit,shittykickstarters,nottheonion,bestoflegaladvice,ShittyGifRecipes,DiWHY,movies,comics,quityourbullshit,mildlyinteresting,paradoxplaza,iamverysmart,moviescirclejerk,CrusaderKings,anime_irl,INEEEEDIT,ComedyCemetery,CanadaPolitics,hentai_irl,insanepeoplefacebook,Stellaris,meirl,Xcom,mealtimevideos,Bossfight,",0,0,0,0,0,0,0,0,0,0,0,0,0,0,0,0,0,0,0,0,0,0,0,0,0,0,0,0,0,0,0,0,0,0,0,0,0,0,0,0,0,0,0,0,0,0,0,0,0,0,0,0,0,0,0,0,0,0,0,0,0,0,0,0,0,0,0,0,0,0,0,0,0,0,0,0,0,0,0,0,0,0,0,0,0,0,0,0,0,0,0,0,0,0,0,0,0,0,0,0,0,0,0,0,0,0,0,0,0,0,0,0,0,0,0,0,0,0,0,0,0,0,0,0,0,0,0,0,0,0,0,0,0,0,0,0,0,0,0,0,0,0,0,0,0,0,0,0,0,0,0,0,0,0,0,0,0,0,0,0,0,0,0,0,0,0,0,0,0,0,0,0,0,0,0
TandBusquets,"lol,people,good,shit,chicago,game,mexican,players,games,bad,pretty,player,mexico,lol andrew miller,mexican food,good mexican food,good half lol,make,point,miller,","juiced ball exposed,ram,broken bat swing,game,juiced ball,ball exposed,kimbrel signing big,single channel,build,buy,todd frazier,bat sds stream,games,post,market,sds,upgrade,kimbrel signing,play,potential build,",,"Games,Music,Tinder,hiphopheads,JoeRogan,Showerthoughts,NintendoSwitchDeals,nba,4chan,science,news,mexico,fightporn,marvelstudios,NetflixBestOf,worldnews,MLBTheShow,politics,UnresolvedMysteries,videos,pics,xboxone,NYYankees,HongKong,PublicFreakout,Destiny,LatinoPeopleTwitter,NBA2k,movies,uichicago,soccer,baseball,therewasanattempt,television,Padres,CHICubs,RedLetterMedia,OutOfTheLoop,MachineLearning,chicago,WhitePeopleTwitter,BlackPeopleTwitter,LigaMX,GameDeals,reddevils,",0,0,0,0,0,0,0,0,0,0,0,0,0,0,0,0,0,0,0,0,0,0,0,0,0,0,0,0,0,0,0,0,0,0,0,0,0,0,0,0,0,0,0,0,0,0,0,0,0,0,0,0,0,0,0,0,0,0,0,0,0,0,0,0,0,0,0,0,0,0,0,0,0,0,0,0,0,0,0,0,0,0,0,0,0,0,0,0,0,0,0,0,0,0,0,0,0,0,0,0,0,0,0,0,0,0,0,0,0,0,0,0,0,0,0,0,0,0,0,0,0,0,0,0,0,0,0,0,0,0,0,0,0,0,0,0,0,0,0,0,0,0,0,0,0,0,0,0,0,0,0,0,0,0,0,0,0,0,0,0,0,0,0,0,0,0,0,0,0,0,0,0,0,0,0
Cybugger,"people,england,wales,team,time,boks,world cup,french rugby team,french team,france,game,world,good,ireland,rwc,rugby,abs,french,thing,work,","south africa,people,white south africa,white people,south,apartheid south africa,africa,white,point,white south africans,south african whites,south african republic,effect south africa,men,good,white south,race realists,good men,time,free,",,"funny,Blizzard,news,books,technology,worldnews,todayilearned,sports,Switzerland,movies,unitedkingdom,pics,science,rugbyunion,",0,0,0,0,0,0,0,0,0,0,0,0,0,0,0,0,0,0,0,0,0,0,0,0,0,0,0,0,0,0,0,0,0,0,0,0,0,0,0,0,0,0,0,0,0,0,0,0,0,0,0,0,0,0,0,0,0,0,0,0,0,0,0,0,0,0,0,0,0,0,0,0,0,0,0,0,0,0,0,0,0,0,0,0,0,0,0,0,0,0,0,0,0,0,0,0,0,0,0,0,0,0,0,0,0,0,0,0,0,0,0,0,0,0,0,0,0,0,0,0,0,0,0,0,0,0,0,0,0,0,0,0,0,0,0,0,0,0,0,0,0,0,0,0,0,0,0,0,0,0,0,0,0,0,0,0,0,0,0,0,0,0,0,0,0,0,0,0,0,0,0,0,0,0,0
Selrisitai,"people,good,white people,women,interesting,men,things,make,thing,writing,true,weight,man,problem,feel,agree,makes,show,guy,read,","time,good,writing,game,thing,story,power metal,make,back,things,corey,eat,point,made,music,day,people,sound,thought,man,","people,dan brown,make,writing,power metal,n’t,n’t make,chicks makes people,years,book,makes people download,good,metal,year,time,write,rich people makes,love,people makes,makes people,","genesiscoupe,books,GlitchInTheMatrix,holdmyfries,writing,carnivore,Showerthoughts,progresspics,LifeProTips,GrammarNazi,HeadBangToThis,Creation,listentodynamic,namethatbook,tightdresses,sadcringe,Sneks,conspiracy,worldbuilding,videos,pics,pussypassdenied,MandelaEffect,Unexpected,PowerMetal,Thetruthishere,youseeingthisshit,unpopularopinion,LoudnessWar,fatlogic,DeepIntoYouTube,notinteresting,nottheonion,justwriterthings,AntiVegan,redditgetsdrawnbadly,fantasywriters,movies,audiophile,whatsthatbook,mildlyinteresting,photoshopbattles,TumblrInAction,television,fffffffuuuuuuuuuuuu,amiugly,HungryArtists,CasualUK,tifu,mylittleandysonic1,MaliciousCompliance,gaming,loseit,comedywriting,",0,0,0,0,0,0,0,0,0,0,0,0,0,0,0,0,0,0,0,0,0,0,0,0,0,0,0,0,0,0,0,0,0,0,0,0,0,0,0,0,0,0,0,0,0,0,0,0,0,0,0,0,0,0,0,0,0,0,0,0,0,0,0,0,0,0,0,0,0,0,0,0,0,0,0,0,0,0,0,0,0,0,0,0,0,0,0,0,0,0,0,0,0,0,0,0,0,0,0,0,0,0,0,0,0,0,0,0,0,0,0,0,0,0,0,0,0,0,0,0,0,0,0,0,0,0,0,0,0,0,0,0,0,0,0,0,0,0,0,0,0,0,0,0,0,0,0,0,0,0,0,0,0,0,0,0,0,0,0,0,0,0,0,0,0,0,0,0,0,0,0,0,0,0,0
GammaKing,"trump,people,reddit,political,point,media,make,time,trump banned epstein,iran,pretty,good,trump lies,donald trump,thing,bad,trump campaign,evidence,vote,rules,","posts,rule,people,rules,post,mods,content,mod,time,gamergate,sjws,tumblr,reddit,rules reminders,sjw,rules update,lot,reminder,ban,major rules update,",,"unpopularopinion,subredditcancer,technology,moderatepolitics,AskReddit,worldnews,modnews,ukpolitics,politics,todayilearned,pics,MovieDetails,gifs,apexlegends,news,",0,0,0,0,0,0,0,0,0,0,0,0,0,0,0,0,0,0,0,0,0,0,0,0,0,0,0,0,0,0,0,0,0,0,0,0,0,0,0,0,0,0,0,0,0,0,0,0,0,0,0,0,0,0,0,0,0,0,0,0,0,0,0,0,0,0,0,0,0,0,0,0,0,0,0,0,0,0,0,0,0,0,0,0,0,0,0,0,0,0,0,0,0,0,0,0,0,0,0,0,0,0,0,0,0,0,0,0,0,0,0,0,0,0,0,0,0,0,0,0,0,0,0,0,0,0,0,0,0,0,0,0,0,0,0,0,0,0,0,0,0,0,0,0,0,0,0,0,0,0,0,0,0,0,0,0,0,0,0,0,0,0,0,0,0,0,0,0,0,0,0,0,0,0,0
ChefBoyAreWeFucked,"people,time,trump,fuck,japanese people,shit,comment,thing,money,japan,back,japanese,make,game,point,donald trump,good,talking,fucking,man,","guild cross posts,keys,grand theft auto,theft auto complete,guild cross,offers,cross posts,demo disc,psx standards,streamer drives,drives a car,auto complete package,remove the ability,ability to guild,notable gameplay mechanics,grand theft,word,theft auto,auto complete,google play,",,"funny,xbox,Wellthatsucks,Futurology,pathofexile,JapanTravel,awfuleverything,nononono,worldnews,Android,technicallythetruth,pics,youseeingthisshit,wallstreetbets,todayilearned,MarioMaker2,WTF,AskOuija,LeopardsAteMyFace,announcements,BrandNewSentence,Steam,WhitePeopleTwitter,bestof,MaliciousCompliance,WiiHacks,snesclassicmods,UnethicalLifeProTips,BeAmazed,ImGoingToHellForThis,pettyrevenge,teenagers,technology,ContagiousLaughter,politics,nesclassicmods,videos,dataisbeautiful,explainlikeimfive,Whatcouldgowrong,xboxone,pihole,thebindingofisaac,AskReddit,PublicFreakout,Catswithjobs,Damnthatsinteresting,Windscribe,television,pcmasterrace,japan,LivestreamFail,tifu,Cringetopia,wiiu,iamatotalpieceofshit,AdviceAnimals,smashbros,WhatsWrongWithYourDog,WatchPeopleDieInside,news,TopMindsOfReddit,Christianity,YangForPresidentHQ,NoStupidQuestions,intermittentfasting,CrappyDesign,3dshacks,HighQualityGifs,speedrun,SapphoAndHerFriend,comics,quityourbullshit,mildlyinteresting,iamverysmart,AmItheAsshole,therewasanattempt,instant_regret,AsiansGoneWild,madlads,SwitchHaxing,ChoosingBeggars,vancouver,RPClipsGTA,beta,ideasfortheadmins,ABoringDystopia,Shittygamecollecting,shittyfoodporn,ANormalDayInRussia,facepalm,Unexpected,raspberry_pi,newsokur,PoliticalHumor,greentext,RealGirls,IAmA,maybemaybemaybe,DeepIntoYouTube,nottheonion,MarioMaker,movies,starterpacks,cursedcomments,PeopleFuckingDying,Beto2020,atheism,DunderMifflin,poker,eFreebies,gaming,SpaceBuckets,",0,0,0,0,0,0,0,0,0,0,0,0,0,0,0,0,0,0,0,0,0,0,0,0,0,0,0,0,0,0,0,0,0,0,0,0,0,0,0,0,0,0,0,0,0,0,0,0,0,0,0,0,0,0,0,0,0,0,0,0,0,0,0,0,0,0,0,0,0,0,0,0,0,0,0,0,0,0,0,0,0,0,0,0,0,0,0,0,0,0,0,0,0,0,0,0,0,0,0,0,0,0,0,0,0,0,0,0,0,0,0,0,0,0,0,0,0,0,0,0,0,0,0,0,0,0,0,0,0,0,0,0,0,0,0,0,0,0,0,0,0,0,0,0,0,0,0,0,0,0,0,0,0,0,0,0,0,0,0,0,0,0,0,0,0,0,0,0,0,0,0,0,0,0,0
TehRoot,"people,source,missile,basically,soviet union,soviet,years,system,time,missiles,year,russian,things,lot,russians,ballistic missile,threat,good,systems,soviets,","eam battlestations missile,pes refinery fire,runs ntsb preliminary,uss,ntsb preliminary b-roll,bike lane,refueling uss michigan,refinery fire animation,eam battlestations,pes refinery,ntsb preliminary,tcx or gpx,amd,lane,uss normandy uss,gun runs ntsb,uss michigan,spring garden,bike,black panther,",,"Games,Music,MilitaryGfys,phillycycling,bicycling,iamatotalpieceofshit,TrueDoTA2,AskElectronics,bettafish,bikecommuting,Roadcam,SecurityClearance,hoggit,MTB,rocketry,news,flying,Temple,macbookpro,datingoverthirty,Aquariums,programmingcirclejerk,DestinyTheGame,netsec,EnoughCommieSpam,worldnews,AnkiVector,ForeverAlone,submarines,aviation,EscapefromTarkov,videos,WarshipPorn,pics,nuclearweapons,liberalgunowners,DestroyedTanks,cscareerquestions,LessCredibleDefence,PublicFreakout,todayilearned,geopolitics,gardening,bikewrench,ar15,WarplanePorn,CatastrophicFailure,NonCredibleDefense,Stargate,datasets,iamverysmart,CredibleDefense,CombatFootage,Skookum,syriancivilwar,Firearms,gunpolitics,urbanexploration,rust,embedded,ShitWehraboosSay,webdev,trains,philadelphia,DeathtoAmeriKKKa,washingtondc,fitbit,Garmin,",0,0,0,0,0,0,0,0,0,0,0,0,0,0,0,0,0,0,0,0,0,0,0,0,0,0,0,0,0,0,0,0,0,0,0,0,0,0,0,0,0,0,0,0,0,0,0,0,0,0,0,0,0,0,0,0,0,0,0,0,0,0,0,0,0,0,0,0,0,0,0,0,0,0,0,0,0,0,0,0,0,0,0,0,0,0,0,0,0,0,0,0,0,0,0,0,0,0,0,0,0,0,0,0,0,0,0,0,0,0,0,0,0,0,0,0,0,0,0,0,0,0,0,0,0,0,0,0,0,0,0,0,0,0,0,0,0,0,0,0,0,0,0,0,0,0,0,0,0,0,0,0,0,0,0,0,0,0,0,0,0,0,0,0,0,0,0,0,0,0,0,0,0,0,0
Reggiardito,"game,yeah,good,people,part,games,jojo fighting game,fighting game,shit,bad,play,time,gonna,make,lot,thing,literally,jojo,fuck,characters,","game,play,games,south america,time,good,playing,support,bit,find,build,lot,damage,question,questions,asiimov,south,problem,people,play support,",,"Games,TrueDoTA2,modernwarfare,pcgaming,patientgamers,bonehurtingjuice,tumblr,Gamingcirclejerk,StreetFighter,AceAttorney,BikiniBottomTwitter,NintendoSwitch,slaythespire,truegaming,PublicFreakout,AskReddit,DotA2,todayilearned,nottheonion,quityourbullshit,movies,comics,WTF,AmItheAsshole,iamverysmart,argentina,therewasanattempt,dbfz,television,PS4,OutOfTheLoop,ShitPostCrusaders,agedlikemilk,LivestreamFail,dogelore,dragonballfighterz,learndota2,Kappa,",0,0,0,0,0,0,0,0,0,0,0,0,0,0,0,0,0,0,0,0,0,0,0,0,0,0,0,0,0,0,0,0,0,0,0,0,0,0,0,0,0,0,0,0,0,0,0,0,0,0,0,0,0,0,0,0,0,0,0,0,0,0,0,0,0,0,0,0,0,0,0,0,0,0,0,0,0,0,0,0,0,0,0,0,0,0,0,0,0,0,0,0,0,0,0,0,0,0,0,0,0,0,0,0,0,0,0,0,0,0,0,0,0,0,0,0,0,0,0,0,0,0,0,0,0,0,0,0,0,0,0,0,0,0,0,0,0,0,0,0,0,0,0,0,0,0,0,0,0,0,0,0,0,0,0,0,0,0,0,0,0,0,0,0,0,0,0,0,0,0,0,0,0,0,0
TheBeerCannon,"n’t,people,’re,dude,lmao,reddit,game,time,yeah,trump,lol,point,good,das,mate,n’t understand,comment,wing,dude alright dude,n’t care,","turtle turtle peaks,turtle peaks app,die,der,und,turtle peaks,das,turtle turtle,nicht,für,ein,auf,schulz,ich,für gottkanzler schulz,gottkanzler schulz,von,den,für die,trump,",,"Games,hsv,Music,NewTubers,mac,indieheads,space,worldpolitics,nvidia,UFOs,memes,london,ImGoingToHellForThis,science,WatchPeopleDieInside,teenagers,TopMindsOfReddit,bootroom,gifs,news,HeavySeas,de,worldnews,AskThe_Donald,politics,AbandonedPorn,aviation,UnresolvedMysteries,pics,Gamingcirclejerk,Dachschaden,Finanzen,600euro,deistlinks,WatchRedditDie,AskReddit,POLITIC,AppleWatch,UrbanHell,DeathStranding,movies,soccer,iphone,hamburg,antinatalism,learnprogramming,AgainstHateSubreddits,PS4,SelfAwarewolves,announcements,OutOfTheLoop,insanepeoplefacebook,ShitRedditSays,FIFA,TheRightCantMeme,GiraffesTotallyExist,gaming,",0,0,0,0,0,0,0,0,0,0,0,0,0,0,0,0,0,0,0,0,0,0,0,0,0,0,0,0,0,0,0,0,0,0,0,0,0,0,0,0,0,0,0,0,0,0,0,0,0,0,0,0,0,0,0,0,0,0,0,0,0,0,0,0,0,0,0,0,0,0,0,0,0,0,0,0,0,0,0,0,0,0,0,0,0,0,0,0,0,0,0,0,0,0,0,0,0,0,0,0,0,0,0,0,0,0,0,0,0,0,0,0,0,0,0,0,0,0,0,0,0,0,0,0,0,0,0,0,0,0,0,0,0,0,0,0,0,0,0,0,0,0,0,0,0,0,0,0,0,0,0,0,0,0,0,0,0,0,0,0,0,0,0,0,0,0,0,0,0,0,0,0,0,0,0
Seanspeed,"trump,bernie,people,game,games,dont,bernie supporters,republicans,good,people dont game,make,lot,pats,gonna,warren,democrats,people dont,bernie sanders,team,point,","dog twicky twicky,comfort dog twicky,people,game,twicky twicky,dog twicky,good,dont,bit,cpu,games,gpu,oculus,rift,time,pretty,lot,forza motorsport,make,oculus rift,",,"Patriots,trashy,nvidia,PandR,worldpolitics,AnimalsBeingJerks,BattlefieldV,PS5,patientgamers,WatchPeopleDieInside,news,facepalm,simracing,politics,TrumpCriticizesTrump,Gamingcirclejerk,xboxone,PoliticalHumor,NintendoSwitch,oculus,TikTokCringe,AskReddit,nfl,freefolk,hardware,Guitar,movies,therewasanattempt,Metalcore,PS4,SelfAwarewolves,insanepeoplefacebook,WhitePeopleTwitter,Amd,ValveIndex,",0,0,0,0,0,0,0,0,0,0,0,0,0,0,0,0,0,0,0,0,0,0,0,0,0,0,0,0,0,0,0,0,0,0,0,0,0,0,0,0,0,0,0,0,0,0,0,0,0,0,0,0,0,0,0,0,0,0,0,0,0,0,0,0,0,0,0,0,0,0,0,0,0,0,0,0,0,0,0,0,0,0,0,0,0,0,0,0,0,0,0,0,0,0,0,0,0,0,0,0,0,0,0,0,0,0,0,0,0,0,0,0,0,0,0,0,0,0,0,0,0,0,0,0,0,0,0,0,0,0,0,0,0,0,0,0,0,0,0,0,0,0,0,0,0,0,0,0,0,0,0,0,0,0,0,0,0,0,0,0,0,0,0,0,0,0,0,0,0,0,0,0,0,0,0
